Frequency (Hz),Power (dBm)
1000000000,-71.2597511405048
1009000000,-96.4590919608173
1018000000,-71.7532966727314
1027000000,-95.8439262503681
1036000000,-71.6919410819111
1045000000,-99.2019966239033
1054000000,-70.7545936698017
1063000000,-104.003189861208
1072000000,-69.8204429740009
1081000000,-106.121620952517
1090000000,-68.6250846976338
1099000000,-99.562889873415
1108000000,-69.6164787406025
1117000000,-98.4782264823017
1126000000,-71.4251182669697
1135000000,-97.7411888236103
1144000000,-70.0931556815205
1153000000,-98.4113777274189
1162000000,-71.2567909354267
1171000000,-97.1873634451923
1180000000,-70.7177055472431
1189000000,-98.2606590384541
1198000000,-70.4548042410908
1207000000,-96.6460731619892
1216000000,-69.8976219290791
1225000000,-97.1395729178486
1234000000,-70.484764873415
1243000000,-107.972786724001
1252000000,-70.2227256888447
1261000000,-108.989182292849
1270000000,-71.078156291872
1279000000,-94.7040947073994
1288000000,-69.6179969901142
1297000000,-97.9409645194111
1306000000,-70.417267619997
1315000000,-95.8408134573994
1324000000,-69.0596397513447
1333000000,-96.0866935843525
1342000000,-70.3128975028095
1351000000,-109.312454997927
1360000000,-70.0941932791767
1369000000,-94.982193767458
1378000000,-69.9239051932392
1387000000,-116.926285564333
1396000000,-70.0585106009541
1405000000,-100.813507854372
1414000000,-68.8909767264423
1423000000,-94.9329078787861
1432000000,-69.2698906058369
1441000000,-104.065705119997
1450000000,-69.5100639456806
1459000000,-97.083756267458
1468000000,-69.8992622489033
1477000000,-93.7188652152119
1486000000,-69.3146217459736
1495000000,-99.1029899710713
1504000000,-70.0943458670673
1513000000,-93.9737175101338
1522000000,-69.5341041678486
1531000000,-93.8793800467548
1540000000,-69.981949626833
1549000000,-92.1646202200947
1558000000,-69.9622657889423
1567000000,-94.9930503958759
1576000000,-69.8856971854267
1585000000,-93.7870720023213
1594000000,-68.1255272025166
1603000000,-98.9459007376728
1612000000,-69.2711189383564
1621000000,-94.6202324027119
1630000000,-68.154312908083
1639000000,-107.816521465212
1648000000,-70.384178935915
1657000000,-104.439980327517
1666000000,-70.0338829154072
1675000000,-105.790901958376
1684000000,-70.4899528616963
1693000000,-97.0715263480244
1702000000,-70.5193489188252
1711000000,-95.7657249564228
1720000000,-70.5594490164814
1729000000,-95.801544963747
1738000000,-70.0552223319111
1747000000,-96.6288154715595
1756000000,-69.7644889945088
1765000000,-96.871598064333
1774000000,-69.1075370902119
1783000000,-97.6073387259541
1792000000,-68.5970161551533
1801000000,-95.3716743582783
1810000000,-68.6291206473408
1819000000,-97.0016639823017
1828000000,-69.2452400321064
1837000000,-99.1327827567158
1846000000,-69.2475135916767
1855000000,-99.7712486380634
1864000000,-69.9391182059345
1873000000,-97.4830024832783
1882000000,-70.4672096365986
1891000000,-96.9923103446064
1900000000,-69.6495140189228
1909000000,-99.438248454958
1918000000,-68.750519573122
1927000000,-93.0498588675556
1936000000,-67.7875602835713
1945000000,-97.6072929495869
1954000000,-70.1455009573994
1963000000,-91.8379448050556
1972000000,-70.3746116751728
1981000000,-92.9645622366963
1990000000,-12.0768747329712
1999000000,-83.5915001029072
2008000000,-10.8701505661011
2017000000,-91.8342750662861
2026000000,-68.8541420096455
2035000000,-94.7954338187275
2044000000,-67.8212593192158
2053000000,-97.5135963553486
2062000000,-68.8141029471455
2071000000,-97.7594917410908
2080000000,-68.7735069388447
2089000000,-98.4885643118916
2098000000,-67.521385967165
2107000000,-99.3384636038838
2116000000,-68.3207100028095
2125000000,-91.3802650565205
2134000000,-67.8562706107197
2143000000,-93.0250709647236
2152000000,-68.2555549735127
2161000000,-96.3280952567158
2170000000,-67.7570198172627
2179000000,-91.6949546927509
2188000000,-68.679474651247
2197000000,-92.3436058157978
2206000000,-68.6777198905048
2215000000,-91.4906471365986
2224000000,-68.625992595583
2233000000,-94.680077373415
2242000000,-68.8298805350361
2251000000,-99.2985618704853
2260000000,-67.2395790213642
2269000000,-98.5717170828877
2278000000,-68.0964210623798
2287000000,-93.5306785697041
2296000000,-68.7255256766377
2305000000,-92.6835411185322
2314000000,-67.8855445975361
2323000000,-95.6623085135517
2332000000,-69.4961708182392
2341000000,-92.6733329886494
2350000000,-69.2087791556416
2359000000,-97.5837104910908
2368000000,-67.3247764700947
2377000000,-105.401360332399
2386000000,-67.4460456961689
2395000000,-93.6136940115986
2404000000,-67.490998088747
2413000000,-92.401871501833
2422000000,-67.9682472342548
2431000000,-92.2461555594502
2440000000,-68.221092998415
2449000000,-94.7489402884541
2458000000,-64.6168525809345
2467000000,-99.6731956595478
2476000000,-67.6756981009541
2485000000,-98.2280738944111
2494000000,-67.7176445120869
2503000000,-94.947525798708
2512000000,-66.3575447196064
2521000000,-101.024414836794
2530000000,-67.2072303885517
2539000000,-92.9118126029072
2548000000,-68.7417991751728
2557000000,-91.6854026907978
2566000000,-66.1305778616963
2575000000,-98.6647880667744
2584000000,-65.9056556815205
2593000000,-103.039406597048
2602000000,-66.314842998415
2611000000,-100.33625107947
2620000000,-64.5533912772236
2629000000,-94.2085426444111
2638000000,-66.8260048026142
2647000000,-93.1350792044697
2656000000,-67.3050468558369
2665000000,-92.2523582572041
2674000000,-66.3863227957783
2683000000,-97.1193168753681
2692000000,-67.7809990042744
2701000000,-93.5441368216572
2710000000,-68.7925041312275
2719000000,-95.2887275809345
2728000000,-67.9614723319111
2737000000,-100.75674515906
2746000000,-66.619889079958
2755000000,-93.6370933646259
2764000000,-68.8170097464619
2773000000,-93.0721138114033
2782000000,-68.27748948279
2791000000,-93.4006355399189
2800000000,-67.7969902152119
2809000000,-97.3588951224384
2818000000,-67.6496360892353
2827000000,-91.6528328055439
2836000000,-67.1523216361103
2845000000,-92.0892875784931
2854000000,-68.2581794852314
2863000000,-92.9896782034931
2872000000,-69.5082634085713
2881000000,-91.9097831839619
2890000000,-67.1278236502705
2899000000,-94.3176277274189
2908000000,-67.932518779665
2917000000,-94.4284446829853
2926000000,-66.6876533621845
2935000000,-95.2004478568134
2944000000,-67.4507606619892
2953000000,-101.736130535036
2962000000,-67.8121116751728
2971000000,-96.2542884940205
2980000000,-66.285919963747
2989000000,-89.6038902396259
2998000000,-67.9430091971455
3007000000,-96.8769767874775
3016000000,-67.2760856741963
3025000000,-89.1714866751728
3034000000,-66.4913948172627
3043000000,-96.4982841605244
3052000000,-65.7423408621845
3061000000,-98.2386940115986
3070000000,-67.207794963747
3079000000,-96.0146949881611
3088000000,-67.3668678397236
3097000000,-96.2025154227314
3106000000,-66.1796043509541
3115000000,-93.1081932181416
3124000000,-65.1152809256611
3133000000,-95.3852317923603
3142000000,-65.6721046561298
3151000000,-90.9462822073994
3160000000,-67.1061256522236
3169000000,-96.0831764334736
3178000000,-66.8642814749775
3187000000,-95.3052375907002
3196000000,-67.1193550223408
3205000000,-94.0929649466572
3214000000,-65.3096855277119
3223000000,-94.8358543509541
3232000000,-65.5214393729267
3241000000,-95.0869224661884
3250000000,-67.2339943045673
3259000000,-91.1235283011494
3268000000,-66.8180626029072
3277000000,-97.7530830496845
3286000000,-65.9915092581806
3295000000,-90.6349037283955
3304000000,-67.4946754569111
3313000000,-89.5913093680439
3322000000,-67.6931923026142
3331000000,-90.4634788626728
3340000000,-66.9048469657002
3349000000,-107.215637981325
3358000000,-66.1424949759541
3367000000,-97.3172309989033
3376000000,-65.219269573122
3385000000,-105.625138103395
3394000000,-67.4687507742939
3403000000,-103.647309123903
3412000000,-67.2555854910908
3421000000,-90.9716499442158
3430000000,-67.5355537528095
3439000000,-93.0543068045673
3448000000,-69.8076789969502
3457000000,-94.917008220583
3466000000,-67.5969246024189
3475000000,-98.5820396536884
3484000000,-67.9020393485127
3493000000,-101.404831706911
3502000000,-68.2512443656025
3511000000,-95.4218299979267
3520000000,-69.1162193411884
3529000000,-101.955452739626
3538000000,-67.873566448122
3547000000,-106.210579692751
3556000000,-66.3411491507588
3565000000,-93.7653740042744
3574000000,-67.8416908377705
3583000000,-95.7559669608173
3592000000,-68.4276512259541
3601000000,-91.9994056815205
3610000000,-64.5434425467548
3619000000,-90.585709392458
3628000000,-65.1076744193134
3637000000,-89.8335884207783
3646000000,-65.6516807669697
3655000000,-94.6561897391377
3664000000,-64.3777549857197
3673000000,-90.5644920462666
3682000000,-64.9924400443134
3691000000,-94.9047859305439
3700000000,-64.7448967093525
3709000000,-86.0959098929463
3718000000,-63.7865532034931
3727000000,-90.9218223685322
3736000000,-62.8321083182392
3745000000,-90.7107399100361
3754000000,-63.8024070853291
3763000000,-90.5614021414814
3772000000,-62.6778648490009
3781000000,-86.9526374930439
3790000000,-62.3481796378193
3799000000,-91.0383842581806
3808000000,-63.7698257559834
3817000000,-85.9934623831806
3826000000,-62.4431961173115
3835000000,-90.956314861208
3844000000,-64.2962730521259
3853000000,-93.5986793631611
3862000000,-63.8701942557392
3871000000,-88.1573341483173
3880000000,-63.7192619437275
3889000000,-88.5301445120869
3898000000,-64.0988166922627
3907000000,-98.207794963747
3916000000,-63.9714782828388
3925000000,-93.3174598807392
3934000000,-62.970288097292
3943000000,-95.22133713904
3952000000,-62.1167419547138
3961000000,-91.3919151419697
3970000000,-65.8753746146259
3979000000,-90.7896888846455
3988000000,-63.5881355399189
3997000000,-90.8872688407002
4006000000,-62.0832489127217
4015000000,-95.8655403250752
4024000000,-64.6956184500752
4033000000,-95.3836982840595
4042000000,-63.5157974356709
4051000000,-92.0667884940205
4060000000,-63.3569152945576
4069000000,-89.396874248415
4078000000,-63.7531974906025
4087000000,-89.2729576224384
4096000000,-61.5303924674092
4105000000,-87.2003334158955
4114000000,-63.9900024527607
4123000000,-93.7641838187275
4132000000,-65.5818107718525
4141000000,-93.3938758963642
4150000000,-66.2664955252705
4159000000,-93.9077995413838
4168000000,-67.246109783083
4177000000,-90.6780708426533
4186000000,-65.8737877005634
4195000000,-93.7732780570088
4204000000,-66.914582073122
4213000000,-93.6010063284931
4222000000,-67.5557335013447
4231000000,-90.3197715872822
4240000000,-64.9017189139423
4249000000,-88.7648399466572
4258000000,-67.9614875907002
4267000000,-98.2882240408955
4276000000,-66.386246501833
4285000000,-85.8461845511494
4294000000,-64.8816688651142
4303000000,-102.580582439333
4312000000,-64.593651592165
4321000000,-95.1167610282002
4330000000,-63.1368988150654
4339000000,-104.820656597048
4348000000,-65.6430290335713
4357000000,-90.6581428641377
4366000000,-65.7921989554463
4375000000,-94.5339897269306
4384000000,-66.3892295950947
4393000000,-94.9521720999775
4402000000,-66.733185588747
4411000000,-94.2889183157978
4420000000,-66.218781291872
4429000000,-91.2534645194111
4438000000,-65.9173515433369
4447000000,-97.6799247855244
4456000000,-64.730255901247
4465000000,-94.0034416312275
4474000000,-66.01772385779
4483000000,-92.2892768973408
4492000000,-66.2262580985127
4501000000,-89.0900886649189
4510000000,-63.5195053214131
4519000000,-89.9592979544697
4528000000,-65.3417213553486
4537000000,-94.9650123709736
4546000000,-62.9610450858174
4555000000,-88.5562523001728
4564000000,-64.1537712210713
4573000000,-87.7959678763447
4582000000,-64.7234352225361
4591000000,-89.4052284354267
4600000000,-62.8623588675556
4609000000,-90.3313758963642
4618000000,-64.9961403006611
4627000000,-86.6320350760517
4636000000,-64.4072807425556
4645000000,-92.3800743216572
4654000000,-65.5342643851338
4663000000,-94.3045433157978
4672000000,-64.7313697928486
4681000000,-90.480011760622
4690000000,-64.5640342825947
4699000000,-100.511666118532
4708000000,-66.7711265677509
4717000000,-94.8409507865009
4726000000,-66.9948127860127
4735000000,-89.4346702689228
4744000000,-64.8515632742939
4753000000,-94.2350166434345
4762000000,-64.6473930472431
4771000000,-91.1352394217548
4780000000,-65.205338298708
4789000000,-92.6113060111103
4798000000,-66.6883934134541
4807000000,-90.7414405936298
4816000000,-63.4569862479267
4825000000,-90.3614051932392
4834000000,-65.1128318900166
4843000000,-90.2562645072041
4852000000,-65.3201912039814
4861000000,-96.6113975638447
4870000000,-62.5977180594502
4879000000,-96.2523582572041
4888000000,-63.5219390982685
4897000000,-89.7299125784931
4906000000,-65.6050804251728
4915000000,-92.3347557181416
4924000000,-64.8516853446064
4933000000,-92.9455574149189
4942000000,-65.7908485526142
4951000000,-89.7349250907002
4960000000,-65.2013862723408
4969000000,-89.5596092337666
4978000000,-61.4748314017353
4987000000,-86.6264122122822
4996000000,-64.7230537528095
5005000000,-87.4657142752705
5014000000,-64.9131858939228
5023000000,-90.5872963065205
5032000000,-65.3661659354267
5041000000,-92.697167217165
5050000000,-65.3356636160908
5059000000,-103.307282268435
5068000000,-67.0107048148213
5077000000,-95.0323570365009
5086000000,-64.4000099295673
5095000000,-85.2090461844502
5104000000,-65.8173606986103
5113000000,-91.8667076224384
5122000000,-65.2763908499775
5131000000,-104.794098674685
5140000000,-66.0684822196064
5149000000,-90.6697853201923
5158000000,-65.3931739920673
5167000000,-104.297776042849
5176000000,-64.0075233573017
5185000000,-101.353051006228
5194000000,-65.6120994681416
5203000000,-87.9249733084736
5212000000,-63.4180191153584
5221000000,-91.0085075491963
5230000000,-63.997834026247
5239000000,-92.8455894583759
5248000000,-63.7288978690205
5257000000,-91.6036155814228
5266000000,-63.495076000124
5275000000,-90.2980507010517
5284000000,-65.5172432059345
5293000000,-100.806473552614
5302000000,-65.50600510779
5311000000,-91.3714073294697
5320000000,-67.2324607962666
5329000000,-90.0782096976338
5338000000,-65.6220481986103
5347000000,-98.5137184256611
5356000000,-66.3804405325947
5365000000,-90.3088844412861
5374000000,-67.6651237601338
5383000000,-98.9152610892353
5392000000,-66.9206550711689
5401000000,-101.618836223513
5410000000,-66.6507423514423
5419000000,-94.6174705618916
5428000000,-66.6478889578877
5437000000,-89.5713432425556
5446000000,-64.1940391654072
5455000000,-94.7235496634541
5464000000,-65.7759712332783
5473000000,-87.8719413870869
5482000000,-64.8977745169697
5491000000,-93.1863182181416
5500000000,-65.0236595267353
5509000000,-91.8195732230244
5518000000,-63.533463298708
5527000000,-95.1414878958759
5536000000,-65.6291206473408
5545000000,-93.5498436087666
5554000000,-67.6572883719502
5563000000,-97.5070503348408
5572000000,-67.1243522757588
5581000000,-92.0580604666767
5590000000,-66.7441413992939
5599000000,-97.3449180716572
5608000000,-66.4208992117939
5617000000,-97.6962593192158
5626000000,-67.4042518729267
5635000000,-91.398339092165
5644000000,-67.1974876517353
5653000000,-97.4141166800556
5662000000,-66.1698616141377
5671000000,-100.797974407106
5680000000,-63.9620674246845
5689000000,-91.2851799124775
5698000000,-64.9571846121845
5707000000,-91.7310493582783
5716000000,-66.2674568289814
5725000000,-88.1631630057392
5734000000,-65.6265113944111
5743000000,-102.840927898317
5752000000,-64.9960868948994
5761000000,-92.6921623343525
5770000000,-66.2116630667744
5779000000,-95.2050102347431
5788000000,-65.3813408011494
5797000000,-94.0615470999775
5806000000,-66.409569560915
5815000000,-89.3193748587666
5824000000,-65.4350288504658
5833000000,-96.0421913260517
5842000000,-66.0800636405048
5851000000,-91.8040016287861
5860000000,-66.0693367117939
5869000000,-91.3547065848408
5878000000,-67.5963600272236
5887000000,-97.5340889090595
5896000000,-65.2858970755634
5905000000,-92.6433570975361
5914000000,-65.6595466727314
5923000000,-95.1813209647236
5932000000,-64.4922645682392
5941000000,-89.6075447196064
5950000000,-65.2836464041767
5959000000,-92.1436775321064
5968000000,-64.8616645926533
5977000000,-91.5427787894306
5986000000,-64.1060798758564
5995000000,-63.106518566042
6004000000,-27.094711303715
6013000000,-88.0081489676533
6022000000,-65.1615989798603
6031000000,-93.8064735526142
6040000000,-64.9368293875752
6049000000,-93.0989921683369
6058000000,-65.0153434866963
6067000000,-88.7078331107197
6076000000,-64.9279716605244
6085000000,-91.0984962576923
6094000000,-64.6732795828877
6103000000,-90.6616142386494
6112000000,-66.0857475394306
6121000000,-100.190888225466
6130000000,-66.0429161185322
6139000000,-95.4010093802509
6148000000,-66.0545814627705
6157000000,-96.3136909598408
6166000000,-65.2795112723408
6175000000,-88.4704139823017
6184000000,-66.8820884818134
6193000000,-90.1844184989033
6202000000,-65.7853248709736
6211000000,-95.5394752615986
6220000000,-66.1606376761494
6229000000,-87.5441444510517
6238000000,-66.8745658988056
6247000000,-92.3428276175556
6256000000,-65.1841743582783
6265000000,-98.7601478690205
6274000000,-65.7251518363056
6283000000,-93.7215355032978
6292000000,-65.8984840506611
6301000000,-91.4634636038838
6310000000,-65.1664512747822
6319000000,-95.5719841116963
6328000000,-64.8189323538838
6337000000,-89.3115699881611
6346000000,-64.0923545950947
6355000000,-94.7055519217548
6364000000,-65.5632713431416
6373000000,-106.101784526735
6382000000,-66.4543312186298
6391000000,-93.0192039603291
6400000000,-65.6786811942158
6409000000,-97.2446220511494
6418000000,-64.3176811331806
6427000000,-97.3180091971455
6436000000,-65.3723762625752
6445000000,-89.7699134940205
6454000000,-66.3698738211689
6463000000,-91.8912895316181
6472000000,-64.7721489066181
6481000000,-94.2488258475361
6490000000,-66.2592628592548
6499000000,-90.169449626833
6508000000,-65.3325660819111
6517000000,-90.4853981131611
6526000000,-64.5206306571064
6535000000,-87.6171882742939
6544000000,-64.9411628836689
6553000000,-91.0241706961689
6562000000,-65.9615333670673
6571000000,-99.2660911673603
6580000000,-66.2419899100361
6589000000,-91.6252906912861
6598000000,-65.203644573122
6607000000,-95.0125663870869
6616000000,-65.4067619437275
6625000000,-92.4719169730244
6634000000,-65.2100456351338
6643000000,-98.2673576468525
6652000000,-64.7736442679463
6661000000,-97.4558036917744
6670000000,-64.7719734305439
6679000000,-96.6306007498798
6688000000,-64.6453331107197
6697000000,-93.9736106986103
6706000000,-65.6104667777119
6715000000,-93.5175407523213
6724000000,-64.7837913626728
6733000000,-94.0521782034931
6742000000,-66.4621208304463
6751000000,-90.2847984427509
6760000000,-66.2304618948994
6769000000,-94.7512748831806
6778000000,-67.0697181815205
6787000000,-94.8509834403095
6796000000,-65.6364601248798
6805000000,-91.9213874930439
6814000000,-66.5978782767353
6823000000,-93.4864585990009
6832000000,-66.8046501273213
6841000000,-95.5462501639423
6850000000,-66.6989601248798
6859000000,-93.9955833548603
6868000000,-63.564411937624
6877000000,-97.2750633353291
6886000000,-66.071808635622
6895000000,-96.1335991019306
6904000000,-64.4952400321064
6913000000,-92.1537178153095
6922000000,-63.5711868399677
6931000000,-89.7925422782002
6940000000,-64.1511009329853
6949000000,-89.3819664115009
6958000000,-65.9578788870869
6967000000,-90.0837410086689
6976000000,-65.0452736014423
6985000000,-93.8489463919697
6994000000,-64.9564216727314
7003000000,-93.1742332572041
7012000000,-65.5778129691181
7021000000,-105.658020793825
7030000000,-66.7230537528095
7039000000,-94.0375068778095
7048000000,-66.6285865897236
7057000000,-89.8826454276142
7066000000,-66.5617225760517
7075000000,-102.065117656618
7084000000,-65.1876609915791
7093000000,-101.629677593142
7102000000,-67.0916450614033
7111000000,-94.4959419364033
7120000000,-66.1685264700947
7129000000,-96.3091896170673
7138000000,-67.2145851248798
7147000000,-92.0635841483173
7156000000,-64.3188179129658
7165000000,-93.0354240531025
7174000000,-63.7221763724384
7183000000,-92.2442634696064
7192000000,-62.652188121706
7201000000,-90.651398479372
7210000000,-63.1664474600849
7219000000,-91.7836006278095
7228000000,-64.8567741507588
7237000000,-94.474381267458
7246000000,-64.3482673758564
7255000000,-92.2100990408955
7264000000,-64.2653892630634
7273000000,-98.5668647879658
7282000000,-66.870636760622
7291000000,-96.3141868704853
7300000000,-65.7068107718525
7309000000,-94.0786750907002
7318000000,-66.4542549246845
7327000000,-92.7650917166767
7336000000,-66.2525718802509
7345000000,-93.4830253714619
7354000000,-66.6446617240009
7363000000,-97.4088218802509
7372000000,-65.8768241995869
7381000000,-91.5651023978291
7390000000,-65.7697685355244
7399000000,-92.7450874442158
7408000000,-64.255158244997
7417000000,-92.5833213919697
7426000000,-63.3457496756611
7435000000,-94.0687034720478
7444000000,-64.2336280936298
7453000000,-91.8304908865986
7462000000,-64.8185661429463
7471000000,-92.399185954958
7480000000,-63.7774131888447
7489000000,-94.2553032034931
7498000000,-65.8552177542744
7507000000,-93.5560997122822
7516000000,-64.0275734061298
7525000000,-91.2258537406025
7534000000,-63.3699920767842
7543000000,-88.8793418997822
7552000000,-65.4759300345478
7561000000,-100.061188518435
7570000000,-66.7081764334736
7579000000,-94.0941627615986
7588000000,-66.6880653494892
7597000000,-96.5298545950947
7606000000,-66.4125602835713
7615000000,-101.589951335817
7624000000,-66.6183784598408
7633000000,-94.3829506033955
7642000000,-65.8344505423603
7651000000,-96.4703148001728
7660000000,-64.3846443289814
7669000000,-92.2631767386494
7678000000,-65.4353798026142
7687000000,-100.73866349402
7696000000,-65.8966682547627
7705000000,-88.86098557654
7714000000,-67.0813911551533
7723000000,-96.3725288504658
7732000000,-66.142105876833
7741000000,-93.4235618704853
7750000000,-65.5002678031025
7759000000,-84.7088630789814
7768000000,-65.5456932181416
7777000000,-90.7546623343525
7786000000,-65.815705119997
7795000000,-93.0462196463642
7804000000,-66.7404258841572
7813000000,-93.0303505057392
7822000000,-66.1454170340595
7831000000,-95.8113868826923
7840000000,-66.5878685111103
7849000000,-102.305542766481
7858000000,-66.2682655448017
7867000000,-106.097359477907
7876000000,-67.1887443656025
7885000000,-98.6826179617939
7894000000,-65.0111396903095
7903000000,-92.8613288992939
7912000000,-65.9325492972431
7921000000,-89.8341835135517
7930000000,-66.4679954642353
7939000000,-97.1397712821064
7948000000,-65.8409736746845
7957000000,-92.3412559622822
7966000000,-66.0017097586689
7975000000,-97.5861824149189
7984000000,-65.9020851248798
7993000000,-93.3774269217548
8002000000,-57.1859329337177
8011000000,-98.2703407401142
8020000000,-65.3157737845478
8029000000,-91.8573616141377
8038000000,-65.1533134573994
8047000000,-93.0712135428486
8056000000,-65.9960563773213
8065000000,-100.300240337282
8074000000,-64.0769813651142
8083000000,-90.8644111746845
8092000000,-66.4265068167744
8101000000,-91.9861076468525
8110000000,-62.9866302603779
8119000000,-94.6958473319111
8128000000,-64.2337654227314
8137000000,-86.2151115531025
8146000000,-66.2102668875752
8155000000,-87.3177955740986
8164000000,-66.3615501517353
8173000000,-90.7457359427509
8182000000,-64.2750862235127
8191000000,-92.6003196829853
8200000000,-65.3364189261494
8209000000,-93.7088707083759
8218000000,-65.39272385779
8227000000,-93.0484092825947
8236000000,-67.3499229544697
8245000000,-89.1922691458759
8254000000,-64.8688591116963
8263000000,-92.5269706839619
8272000000,-64.5062950247822
8281000000,-92.8511131400166
8290000000,-66.4374168509541
8299000000,-91.8044136160908
8308000000,-65.8814247244892
8317000000,-96.3007591361103
8326000000,-66.0341652030048
8335000000,-92.4016655081806
8344000000,-65.5818107718525
8353000000,-96.7416542166767
8362000000,-65.4778297537861
8371000000,-89.340119182497
8380000000,-65.7725074881611
8389000000,-91.4032676810322
8398000000,-64.9518211478291
8407000000,-95.2971733206806
8416000000,-64.4017036551533
8425000000,-90.4520576590595
8434000000,-65.856461345583
8443000000,-97.1983574027119
8452000000,-66.8066948050556
8461000000,-89.5261772269306
8470000000,-66.2717064017353
8479000000,-93.1296089285908
8488000000,-65.7852104300556
8497000000,-107.63068467322
8506000000,-66.9075782889423
8515000000,-96.9273079032002
8524000000,-64.0313194388447
8533000000,-91.0164955252705
8542000000,-65.5654152030048
8551000000,-95.7626274222431
8560000000,-65.138703166872
8569000000,-96.9314735526142
8578000000,-65.6314094657002
8587000000,-88.0618217581806
8596000000,-66.1101463431416
8605000000,-88.7087104910908
8614000000,-65.226334392458
8623000000,-92.1628120535908
8632000000,-65.254166423708
8641000000,-92.6396949881611
8650000000,-66.2440269583759
8659000000,-90.4768989676533
8668000000,-64.537125408083
8677000000,-101.086792766481
8686000000,-65.6023948782978
8695000000,-108.202065288454
8704000000,-66.1236580008564
8713000000,-91.6083152884541
8722000000,-65.1020973319111
8731000000,-95.1705635184345
8740000000,-66.7270515555439
8749000000,-94.1129921073017
8758000000,-66.5949943656025
8767000000,-110.432556926638
8776000000,-66.6039589041767
8785000000,-94.0083397025166
8794000000,-66.3196800345478
8803000000,-89.9430015677509
8812000000,-64.791893779665
8821000000,-95.9868934744892
8830000000,-63.7517288321552
8839000000,-92.7477958792744
8848000000,-63.2238166922627
8857000000,-96.4329231375752
8866000000,-64.7207878226338
8875000000,-89.8765724295673
8884000000,-63.4412811392842
8893000000,-88.1406639212666
8902000000,-63.8411872977314
8911000000,-97.5354774588642
8920000000,-64.7892997855244
8929000000,-95.4483039969502
8938000000,-66.1798484915791
8947000000,-91.5914085501728
8956000000,-66.7552269095478
8965000000,-94.6980751151142
8974000000,-63.9878395194111
8983000000,-88.7351844901142
8992000000,-64.687889873415
9001000000,-96.5243843192158
9010000000,-65.3340538138447
9019000000,-102.509720622927
9028000000,-66.8656776541767
9037000000,-93.960221111208
9046000000,-65.6824424857197
9055000000,-93.9276283377705
9064000000,-65.0486305350361
9073000000,-96.59243088904
9082000000,-65.7709968680439
9091000000,-107.362122356325
9100000000,-66.515412151247
9109000000,-92.4219978446064
9118000000,-64.9038475150166
9127000000,-98.2281425589619
9136000000,-64.7099693411884
9145000000,-88.4404075736103
9154000000,-64.8656471365986
9163000000,-97.1429527396259
9172000000,-67.0417945975361
9181000000,-102.012642681032
9190000000,-63.5148323172627
9199000000,-98.788475810915
9208000000,-66.5055854910908
9217000000,-94.3320854300556
9226000000,-66.5011070365009
9235000000,-85.6303642386494
9244000000,-66.0813911551533
9253000000,-94.6800621146259
9262000000,-65.5592811698017
9271000000,-88.7571647757588
9280000000,-66.3963249320088
9289000000,-92.6221473807392
9298000000,-65.5180290335713
9307000000,-94.1219032401142
9316000000,-65.9156501883564
9325000000,-93.7042091483173
9334000000,-64.3374870413838
9343000000,-95.3171394461689
9352000000,-67.0518196219502
9361000000,-91.8196724051533
9370000000,-67.3012092703877
9379000000,-93.9990013236103
9388000000,-66.9494178885517
9397000000,-93.7523124808369
9406000000,-66.3816459769306
9415000000,-89.1803596610127
9424000000,-64.6962059134541
9433000000,-94.2387016409931
9442000000,-65.5595253104267
9451000000,-91.326432048708
9460000000,-66.3589332694111
9469000000,-90.5763328665791
9478000000,-67.0471046561298
9487000000,-91.635643779665
9496000000,-65.9993522757588
9505000000,-91.5081871146259
9514000000,-66.2761009329853
9523000000,-92.8122032279072
9532000000,-66.1337593192158
9541000000,-96.0189750784931
9550000000,-67.0556114310322
9559000000,-93.3368919486103
9568000000,-66.2184150809345
9577000000,-97.2179802054463
9586000000,-66.0742576712666
9595000000,-90.2543495291767
9604000000,-65.5169456595478
9613000000,-95.7045295828877
9622000000,-65.0187843436298
9631000000,-90.7849891776142
9640000000,-65.8405693167744
9649000000,-97.1842048758564
9658000000,-66.3867118948994
9667000000,-90.1732338065205
9676000000,-64.97475510779
9685000000,-104.971031963259
9694000000,-66.0601127738056
9703000000,-93.5145729178486
9712000000,-65.5479438895283
9721000000,-97.0141685599384
9730000000,-66.3481224173603
9739000000,-90.5450828665791
9748000000,-65.483658611208
9757000000,-98.3890083426533
9766000000,-65.702668010622
9775000000,-93.7808769339619
9784000000,-67.1570289725361
9793000000,-101.679161846071
9802000000,-65.481720744997
9811000000,-94.8821571463642
9820000000,-65.6530311698017
9829000000,-90.6049049490986
9838000000,-65.6031349295673
9847000000,-101.590805828005
9856000000,-67.3244102591572
9865000000,-90.2198875540791
9874000000,-65.2268989676533
9883000000,-92.7671821707783
9892000000,-66.1227958792744
9901000000,-88.839630901247
9910000000,-66.8976753348408
9919000000,-96.0235145682392
9928000000,-65.9053886527119
9937000000,-94.9276054495869
9946000000,-66.09194260779
9955000000,-87.7936256522236
9964000000,-66.7174385184345
9973000000,-88.8672798270283
9982000000,-65.9412620657978
9991000000,-91.0653846854267
10000000000,-41.246566813974