Frequency (Hz),Power (dBm)
500000000,-71.4686210244305
509500000,-95.261711844743
519000000,-71.2067573159344
528500000,-101.290978202165
538000000,-70.8612678139813
547500000,-99.6004722207196
557000000,-69.7000053017743
566500000,-105.462853202165
576000000,-70.278298148454
585500000,-100.007660636247
595000000,-71.4345862954266
604500000,-110.396446952165
614000000,-70.3772819131024
623500000,-97.856064566911
633000000,-70.6223456948407
642500000,-99.4401328652508
652000000,-70.8661658852704
661500000,-93.4115226357587
671000000,-68.2937018960126
680500000,-97.0510642617352
690000000,-69.8777167885907
699500000,-98.9858100503094
709000000,-70.3207099526532
718500000,-100.263420829118
728000000,-67.7801597207196
737500000,-96.2994773476727
747000000,-70.0314490883954
756500000,-100.639878043474
766000000,-69.983635672868
775500000,-103.485123404802
785000000,-70.3377158730633
794500000,-98.9821937173016
804000000,-71.0762107461102
813500000,-93.4705131142743
823000000,-68.9986198037274
832500000,-95.495110282243
842000000,-70.260475882829
851500000,-94.058701285661
861000000,-69.6166236489423
870500000,-97.7164390175946
880000000,-69.9860694497235
889500000,-99.7589728921063
899000000,-68.3212211220868
908500000,-105.246346244157
918000000,-70.681145438493
927500000,-97.1006782143719
937000000,-71.2567756264813
946500000,-97.0824134438641
956000000,-70.6491706460126
965500000,-104.981217154802
975000000,-70.5626990883954
984500000,-96.7533423989423
994000000,-69.4570853798993
1003500000,-96.6707007973798
1013000000,-69.5137183755048
1022500000,-97.6575172036298
1032000000,-70.4954383462079
1041500000,-96.2440726845868
1051000000,-70.2330939858563
1060500000,-97.5068976967938
1070000000,-70.3352286904462
1079500000,-98.5101630776532
1089000000,-70.2596442788251
1098500000,-95.6601417153485
1108000000,-69.9643027871258
1117500000,-93.7749183266766
1127000000,-70.622048148454
1136500000,-107.600579032243
1146000000,-70.0816657632001
1155500000,-99.2219245522626
1165000000,-71.2287299721844
1174500000,-92.7706992715008
1184000000,-69.2693564980633
1193500000,-97.1843650429852
1203000000,-69.382317313493
1212500000,-92.5920875161298
1222000000,-70.2540748208173
1231500000,-101.680710563005
1241000000,-68.3659827798016
1250500000,-101.412461051286
1260000000,-68.6843345254071
1269500000,-97.6501090615399
1279000000,-68.9138190835126
1288500000,-91.4222419350751
1298000000,-69.720322379411
1307500000,-96.7117850869305
1317000000,-70.3359687417157
1326500000,-97.6328971474774
1336000000,-68.3553397744305
1345500000,-97.5719153969891
1355000000,-69.6183555215008
1364500000,-96.0485999673016
1374000000,-69.0280387490399
1383500000,-98.5480430215008
1393000000,-70.4015815346844
1402500000,-98.9721305459149
1412000000,-70.4843299477704
1421500000,-94.7528541176923
1431000000,-70.3919074624188
1440500000,-100.123032340349
1450000000,-69.7989280312665
1459500000,-108.113480338395
1469000000,-69.0267036049969
1478500000,-99.6461951821454
1488000000,-69.8398444741376
1497500000,-104.086449393571
1507000000,-69.1731650918133
1516500000,-96.6999671548016
1526000000,-68.1148307412274
1535500000,-97.5072639077313
1545000000,-68.017327079118
1554500000,-95.7144248574383
1564000000,-67.9869544594891
1573500000,-91.6363990395673
1583000000,-69.2244193642743
1592500000,-90.9511039345868
1602000000,-69.6045157998212
1611500000,-98.0605018227704
1621000000,-70.2393882363446
1630500000,-94.6977851479657
1640000000,-69.0923011391766
1649500000,-97.5852592080243
1659000000,-68.8883979409344
1668500000,-98.0787360757001
1678000000,-69.2390449135907
1687500000,-95.1085898965008
1697000000,-69.3988730996258
1706500000,-96.0835654824383
1716000000,-67.2301490395673
1725500000,-94.4982001870282
1735000000,-69.4652030556805
1744500000,-95.874375113786
1754000000,-67.9464957802899
1763500000,-99.0335853188641
1773000000,-67.4143073647626
1782500000,-94.5265586465008
1792000000,-70.4540565102704
1801500000,-97.2399528115399
1811000000,-68.5750205605633
1820500000,-102.683205375016
1830000000,-69.6875617592938
1839500000,-94.3197639077313
1849000000,-68.2410819619305
1858500000,-105.597985038102
1868000000,-68.6433723061688
1877500000,-96.8180320351727
1887000000,-67.4574897378094
1896500000,-105.101959952653
1906000000,-68.4537589638837
1915500000,-97.4383552163251
1925000000,-68.394150504411
1934500000,-89.1798102944501
1944000000,-69.845436820329
1953500000,-104.898506888688
1963000000,-67.2864234536298
1972500000,-107.32157970363
1982000000,-68.7774970620282
1991500000,-90.8400428383954
2001000000,-10.8941059112549
2010500000,-106.28975749904
2020000000,-67.435295829118
2029500000,-102.614258536638
2039000000,-68.5688102334149
2048500000,-103.127411612809
2058000000,-68.4211814492352
2067500000,-96.387070426286
2077000000,-69.3212592690594
2086500000,-99.0970084756024
2096000000,-68.2638328164227
2105500000,-93.8617408364423
2115000000,-66.8786780923016
2124500000,-95.5183494179852
2134000000,-66.0906303017743
2143500000,-95.328850516618
2153000000,-66.390862235368
2162500000,-96.4321677773602
2172000000,-66.742295035661
2181500000,-97.4853217690594
2191000000,-68.3723838418133
2200500000,-97.398918875993
2210000000,-68.1610038369305
2219500000,-95.9196174233563
2229000000,-68.4191901772626
2238500000,-100.334168204606
2248000000,-69.4226310341962
2257500000,-105.227989920915
2267000000,-66.2655646889813
2276500000,-95.2608192055829
2286000000,-67.8918922036298
2295500000,-102.609307059587
2305000000,-68.8484122841962
2314500000,-93.5571296303876
2324000000,-68.1399695962079
2333500000,-93.7074592202313
2343000000,-67.9092490761883
2352500000,-92.981926688493
2362000000,-69.190911063493
2371500000,-94.7680671303876
2381000000,-68.667343863786
2390500000,-94.5604560464032
2400000000,-68.583962210954
2409500000,-97.125710257829
2419000000,-68.1792533486493
2428500000,-93.3807456582196
2438000000,-66.0478141396649
2447500000,-97.1130607216962
2457000000,-65.9299018471844
2466500000,-97.7508704751141
2476000000,-66.805771598161
2485500000,-97.9571006386883
2495000000,-67.0328834145673
2504500000,-91.6195533364423
2514000000,-66.2582557290204
2523500000,-93.9803931801923
2533000000,-67.1724631875165
2542500000,-98.3578116982587
2552000000,-67.902451285661
2561500000,-96.4733512490399
2571000000,-66.1165778725751
2580500000,-99.9145209878094
2590000000,-66.9959800332196
2599500000,-98.2822272866376
2609000000,-67.6950080483563
2618500000,-95.7505500405438
2628000000,-65.687477835954
2637500000,-92.0305335610516
2647000000,-66.9229819863446
2656500000,-89.1452643960126
2666000000,-66.9974753945477
2675500000,-92.2343070595868
2685000000,-66.4804313271649
2694500000,-91.0518500893719
2704000000,-67.1929633706219
2713500000,-92.1172492592938
2723000000,-66.3421561806805
2732500000,-92.0646598427899
2742000000,-66.2975013344891
2751500000,-99.4108970254071
2761000000,-66.8810432046063
2770500000,-92.3515174477704
2780000000,-67.7353370278485
2789500000,-92.4542243569501
2799000000,-67.3356025307782
2808500000,-92.3192298501141
2818000000,-67.8356330483563
2827500000,-89.8962714760907
2837000000,-67.2726676552899
2846500000,-95.2288520424969
2856000000,-66.4799964516766
2865500000,-101.288445243181
2875000000,-67.8289039223798
2884500000,-97.6651847451337
2894000000,-67.7575690835126
2903500000,-95.7208564370282
2913000000,-66.7407081215985
2922500000,-94.2043464272626
2932000000,-67.3382117837079
2941500000,-92.9519965737469
2951000000,-68.0202186196454
2960500000,-102.891701468766
2970000000,-65.823479422868
2979500000,-96.7523200600751
2989000000,-67.2162330239423
2998500000,-107.654946097673
3008000000,-67.5625541298993
3017500000,-95.5152747719891
3027000000,-64.8115775673993
3036500000,-101.281830558122
3046000000,-68.1214912026532
3055500000,-95.6688926308758
3065000000,-65.611923941911
3074500000,-103.9888923257
3084000000,-65.5306556313641
3093500000,-95.424179801286
3103000000,-67.2824943154462
3112500000,-92.6028144448407
3122000000,-67.1920936196454
3131500000,-92.8760459511883
3141000000,-65.7549140542157
3150500000,-90.9575049965985
3160000000,-66.370339164079
3169500000,-87.8650825112469
3179000000,-65.736191520036
3188500000,-90.1367423623212
3198000000,-66.0068671792157
3207500000,-88.8255546181805
3217000000,-65.9182441323407
3226500000,-92.8469321816571
3236000000,-66.0373771279462
3245500000,-96.0787818520673
3255000000,-66.4466254799969
3264500000,-98.0609595864423
3274000000,-65.9798667519696
3283500000,-95.1387717812665
3293000000,-66.3098228066571
3302500000,-101.304627188981
3312000000,-66.6383903115399
3321500000,-98.6487433999188
3331000000,-65.6239020913251
3340500000,-94.8835685341962
3350000000,-64.9960486977704
3359500000,-92.1124045937665
3369000000,-68.3338172524579
3378500000,-98.6932685464032
3388000000,-64.6345756142743
3397500000,-92.1784522622235
3407000000,-66.1206977456219
3416500000,-92.5879447548993
3426000000,-67.9095847695477
3435500000,-97.7982490151532
3445000000,-67.2938697426923
3454500000,-98.3245933144696
3464000000,-67.4725806801923
3473500000,-95.4043586342938
3483000000,-66.8858420937665
3492500000,-93.476670035661
3502000000,-68.6228416054852
3511500000,-95.2155463784344
3521000000,-68.3310172646649
3530500000,-99.2447135537274
3540000000,-67.5374076455243
3549500000,-95.1594779580243
3559000000,-67.4209907143719
3568500000,-92.2710731118329
3578000000,-66.5430991738446
3587500000,-91.0948188393719
3597000000,-62.9277312844403
3606500000,-88.9893882363446
3616000000,-64.3217170327313
3625500000,-89.0061729043133
3635000000,-62.4118239968426
3644500000,-92.8191535561688
3654000000,-64.6035163491376
3663500000,-91.2564628213055
3673000000,-66.0052497475751
3682500000,-102.427277335466
3692000000,-65.0326545327313
3701500000,-94.0614631264813
3711000000,-65.1466834633954
3720500000,-89.5140616982587
3730000000,-62.1911857216962
3739500000,-92.2113196938641
3749000000,-62.1364333718426
3758500000,-99.9694831460126
3768000000,-63.2848365395673
3777500000,-89.874489554704
3787000000,-62.1756980507977
3796500000,-93.6238563149579
3806000000,-63.3379333108075
3815500000,-87.1642539590008
3825000000,-62.9904067605145
3834500000,-93.1753699868329
3844000000,-63.0793693154462
3853500000,-92.3131644814618
3863000000,-64.8744742959149
3872500000,-96.7848517983563
3882000000,-64.0002753823407
3891500000,-89.0098121255048
3901000000,-64.3435752480633
3910500000,-98.2000968545087
3920000000,-66.1144492715008
3929500000,-93.8371284096844
3939000000,-64.9373710244305
3948500000,-94.1313941567548
3958000000,-66.0410316079266
3967500000,-91.3315284340985
3977000000,-64.9649360268719
3986500000,-93.8368308632977
3996000000,-61.134270438493
4005500000,-92.4814002602704
4015000000,-63.5909736245282
4024500000,-96.6005714028485
4034000000,-64.5839469521649
4043500000,-98.7742545693524
4053000000,-64.1421592324383
4062500000,-91.9413383095868
4072000000,-64.4358069985516
4081500000,-90.6004569619305
4091000000,-63.1309516518719
4100500000,-90.6883018105633
4110000000,-63.3266646950848
4119500000,-104.139946708024
4129000000,-65.3000648110516
4138500000,-93.9853065102704
4148000000,-65.6901939004071
4157500000,-92.4441764443524
4167000000,-66.9470527260907
4176500000,-92.0700690835126
4186000000,-67.1601188271649
4195500000,-91.4629829018719
4205000000,-66.6403358071454
4214500000,-101.834229239763
4224000000,-66.5932700722821
4233500000,-91.3237693398602
4243000000,-65.0909507363446
4252500000,-96.8621757119305
4262000000,-64.0495917885907
4271500000,-94.2791297524579
4281000000,-64.7992255776532
4290500000,-92.6680305092938
4300000000,-64.955803641618
4309500000,-91.0680549233563
4319000000,-64.762429007829
4328500000,-88.2212836831219
4338000000,-63.6446158974774
4347500000,-89.6550986855633
4357000000,-65.2097022622235
4366500000,-93.6502921670087
4376000000,-65.1104056923993
4385500000,-91.8908164590008
4395000000,-65.8432624428876
4404500000,-90.2830970376141
4414000000,-65.0563056557782
4423500000,-94.6513679116376
4433000000,-66.6938560097821
4442500000,-96.522568473161
4452000000,-65.6696631997235
4461500000,-92.6244132607587
4471000000,-65.7884223549969
4480500000,-91.366936454118
4490000000,-66.9913718789227
4499500000,-92.8215339272626
4509000000,-65.349716910661
4518500000,-105.832207450212
4528000000,-64.2402808755048
4537500000,-90.7311713784344
4547000000,-63.6689193337567
4556500000,-92.3432929604657
4566000000,-64.3452842324383
4575500000,-90.4752967446454
4585000000,-64.4332740395673
4594500000,-105.736969718278
4604000000,-65.2032172768719
4613500000,-90.0746238320477
4623000000,-64.6763923257001
4632500000,-90.5444572060712
4642000000,-64.9515845864423
4651500000,-103.571213492692
4661000000,-65.8819739907391
4670500000,-90.9249351113446
4680000000,-64.8506400673993
4689500000,-100.266670951188
4699000000,-64.7469565957196
4708500000,-90.7175452798016
4718000000,-65.4353339760907
4727500000,-93.6593177407391
4737000000,-65.5780875771649
4746500000,-87.2224586098798
4756000000,-65.4417884438641
4765500000,-92.3006675332196
4775000000,-64.7537772744305
4784500000,-92.4394919961102
4794000000,-62.9912688820965
4803500000,-88.4923789590008
4813000000,-65.5335319131024
4822500000,-88.5990455239423
4832000000,-64.2449195473798
4841500000,-98.5499808877118
4851000000,-63.9252326577313
4860500000,-88.769768485368
4870000000,-64.3236167519696
4879500000,-88.7121589272626
4889000000,-64.3818976967938
4898500000,-96.0129478066571
4908000000,-64.1787955849774
4917500000,-100.324936637224
4927000000,-63.5766761391766
4936500000,-93.0844810097821
4946000000,-64.9258124917157
4955500000,-101.730156668962
4965000000,-65.363632926286
4974500000,-99.1328666298993
4984000000,-63.9165313332684
4993500000,-111.429985770524
5003000000,-64.7635123818524
5012500000,-93.7904136269696
5022000000,-65.5980613320477
5031500000,-100.438057669938
5041000000,-64.2260062783368
5050500000,-92.6246116250165
5060000000,-65.7172401040204
5069500000,-88.0931098549969
5079000000,-65.3546836465008
5088500000,-92.0225379555829
5098000000,-65.7640464394696
5107500000,-93.4553763955243
5117000000,-65.6468894570477
5126500000,-91.4093940346844
5136000000,-66.5639503090985
5145500000,-91.8739707558758
5155000000,-63.6464431374676
5164500000,-92.3738639443524
5174000000,-65.7161491006024
5183500000,-91.0992515175946
5193000000,-64.0620353310712
5202500000,-90.2573402016766
5212000000,-65.6253364174969
5221500000,-93.8896567910321
5231000000,-63.9103553383954
5240500000,-86.6914146035321
5250000000,-62.4049346535809
5259500000,-100.594071158708
5269000000,-63.5867087929852
5278500000,-92.7278144448407
5288000000,-64.965439566911
5297500000,-91.9969947426923
5307000000,-65.7706763833173
5316500000,-88.9154670327313
5326000000,-66.4374702065594
5335500000,-97.6531760781415
5345000000,-67.4575889199383
5354500000,-91.8626639931805
5364000000,-66.0789573281415
5373500000,-91.749619254411
5383000000,-65.8823936074383
5392500000,-91.4224555581219
5402000000,-65.4418494790204
5411500000,-98.1742408364423
5421000000,-64.6072776406415
5430500000,-94.2208030312665
5440000000,-63.7866904824383
5449500000,-93.5284431069501
5459000000,-64.121819266618
5468500000,-94.8015754311688
5478000000,-65.6614081948407
5487500000,-92.1454551308758
5497000000,-65.296623954118
5506500000,-92.1320197671063
5516000000,-64.5522315590985
5525500000,-94.454338797868
5535000000,-64.6520240395673
5544500000,-94.2987296670087
5554000000,-65.7240150063641
5563500000,-91.7925422280438
5573000000,-65.6688163369305
5582500000,-94.5914008706219
5592000000,-66.374863395036
5601500000,-96.6228721230633
5611000000,-67.2517707436688
5620500000,-93.9871909707196
5630000000,-66.4094398110516
5639500000,-99.4009788125165
5649000000,-68.0885169594891
5658500000,-91.7777335732587
5668000000,-65.132805594743
5677500000,-94.9731299965985
5687000000,-65.6360023110516
5696500000,-93.5614554970868
5706000000,-64.3995597451337
5715500000,-99.3846366494305
5725000000,-64.6462867348798
5734500000,-89.1403205483563
5744000000,-64.1503379433758
5753500000,-92.3249366372235
5763000000,-62.7718741982587
5772500000,-88.2038199990399
5782000000,-64.8165061562665
5791500000,-85.1178290932782
5801000000,-64.1288230507977
5810500000,-89.6576316445477
5820000000,-65.3886115639813
5829500000,-98.4109046548016
5839000000,-64.7299430459149
5848500000,-101.477219352067
5858000000,-65.4365546792157
5867500000,-96.3518149941571
5877000000,-66.3445594399579
5886500000,-93.0650260537274
5896000000,-66.0315024941571
5905500000,-91.4237525551923
5915000000,-64.3105933755048
5924500000,-99.5288779824383
5934000000,-65.4656074135907
5943500000,-92.8746039956219
5953000000,-65.6342094033368
5962500000,-101.831055411638
5972000000,-62.4374702065594
5981500000,-90.5109260171063
5991000000,-27.1192131042519
6000500000,-91.9916694253094
6010000000,-27.8339977264475
6019500000,-96.2471168130048
6029000000,-64.6816260903485
6038500000,-89.0760657876141
6048000000,-65.1572501748212
6057500000,-86.5094688027508
6067000000,-64.6309745400555
6076500000,-91.7115943520673
6086000000,-63.1785094826825
6095500000,-90.6475913613446
6105000000,-64.3297431557782
6114500000,-98.8963630288251
6124000000,-64.3091361611493
6133500000,-91.3417136757977
6143000000,-67.381699332536
6152500000,-97.1151893227704
6162000000,-67.1181647866376
6171500000,-101.582428702653
6181000000,-67.2655036538251
6190500000,-95.291741141618
6200000000,-64.6582877724774
6209500000,-95.2627799599774
6219000000,-65.7670981972821
6228500000,-87.7692115395673
6238000000,-65.9489600747235
6247500000,-94.7717139809735
6257000000,-65.4626929848798
6266500000,-99.4742591469891
6276000000,-64.1545875161298
6285500000,-89.7357108681805
6295000000,-65.5145957558758
6304500000,-98.9012687295087
6314000000,-65.3816917031415
6323500000,-105.721024283708
6333000000,-64.8111121743329
6342500000,-95.3002173989423
6352000000,-64.6507041543133
6361500000,-94.0021445840008
6371000000,-65.7110526650555
6380500000,-90.5562980263837
6390000000,-65.115830191911
6399500000,-96.7306830971844
6409000000,-65.0710074990399
6418500000,-88.4541480630048
6428000000,-65.2710349648602
6437500000,-87.5899207680829
6447000000,-66.770241507829
6456500000,-90.7052085488446
6466000000,-66.0496604531415
6475500000,-91.0968711465008
6485000000,-65.6735313027508
6494500000,-93.3493506997235
6504000000,-65.2665412514813
6513500000,-91.0578925698407
6523000000,-65.2927100747235
6532500000,-95.4512412636883
6542000000,-66.1390540688641
6551500000,-91.862053641618
6561000000,-66.4323279946454
6570500000,-93.9878547280438
6580000000,-65.9021689980633
6589500000,-94.3348853676923
6599000000,-67.3996894448407
6608500000,-93.5592658608563
6618000000,-65.567116507829
6627500000,-91.5430076211102
6637000000,-66.2761237710126
6646500000,-91.3935401528485
6656000000,-67.3971335976727
6665500000,-90.7736289590008
6675000000,-65.3091743081219
6684500000,-93.9267280190594
6694000000,-64.863518485368
6703500000,-90.2901237099774
6713000000,-65.7296378701337
6722500000,-89.8461997597821
6732000000,-65.1875007241376
6741500000,-99.2985694497235
6751000000,-65.8361365883954
6760500000,-92.1591346352704
6770000000,-65.5564124673016
6779500000,-99.6836021035321
6789000000,-66.6804359048016
6798500000,-93.0851295083173
6808000000,-64.861077079118
6817500000,-90.8186729043133
6827000000,-65.4824912636883
6836500000,-94.5444343178876
6846000000,-67.0103767007001
6855500000,-90.4218986123212
6865000000,-65.2460792153485
6874500000,-87.9675300210126
6884000000,-65.7222373574383
6893500000,-92.9356620400555
6903000000,-66.375954398454
6912500000,-91.8261954873212
6922000000,-65.0297935097821
6931500000,-89.4900291054852
6941000000,-64.1952598183758
6950500000,-88.8994681923993
6960000000,-64.9137275307782
6969500000,-89.903427848161
6979000000,-64.856423148454
6988500000,-91.3379752724774
6998000000,-63.1476066201337
7007500000,-93.0371635048993
7017000000,-65.0996329873212
7026500000,-95.9338920205243
7036000000,-65.9066703408368
7045500000,-90.8130118935712
7055000000,-67.8558662026532
7064500000,-91.5030219643719
7074000000,-66.8802878945477
7083500000,-87.9576423257001
7093000000,-65.6778342812665
7102500000,-98.3287971108563
7112000000,-64.4515159218915
7121500000,-93.6553046792157
7131000000,-66.2347343056805
7140500000,-88.9518897622235
7150000000,-64.8837211220868
7159500000,-89.8133933632977
7169000000,-62.7213103860028
7178500000,-100.163651236833
7188000000,-63.5286109536298
7197500000,-91.5209434121258
7207000000,-64.2536323159344
7216500000,-93.1776816933758
7226000000,-64.934059867204
7235500000,-90.7326743691571
7245000000,-64.4485404580243
7254500000,-94.0637443154462
7264000000,-65.0956657021649
7273500000,-94.0905616372235
7283000000,-63.891636618913
7292500000,-95.3973701089032
7302000000,-66.9128882973798
7311500000,-93.6955115883954
7321000000,-65.8642737954266
7330500000,-105.150215873063
7340000000,-65.1198203652508
7349500000,-91.8951575844891
7359000000,-65.4649055092938
7368500000,-93.917473563493
7378000000,-64.3594596474774
7387500000,-102.676239737809
7397000000,-66.7762000649579
7406500000,-93.4091651528485
7416000000,-65.8490836709149
7425500000,-89.9574287026532
7435000000,-64.3462226479657
7444500000,-93.9647529214032
7454000000,-64.648186454118
7463500000,-94.7163245766766
7473000000,-63.849400290788
7482500000,-98.7775428383954
7492000000,-64.8714072793133
7501500000,-97.8349998086102
7511000000,-64.4253852456219
7520500000,-88.9067084878094
7530000000,-65.8363959878094
7539500000,-90.2539832680829
7549000000,-66.700058707536
7558500000,-93.9634482949383
7568000000,-67.1297309487469
7577500000,-97.7076041787274
7587000000,-66.5310676186688
7596500000,-96.7342231362469
7606000000,-65.9839255898602
7615500000,-95.6004417031415
7625000000,-65.6238944619305
7634500000,-92.4440467446454
7644000000,-67.0065391152508
7653500000,-90.7294166176923
7663000000,-65.5381553261883
7672500000,-95.8595893471844
7682000000,-64.3854377358563
7691500000,-97.2835090249188
7701000000,-65.8497779458173
7710500000,-90.7301337807782
7720000000,-65.051262625993
7729500000,-95.8590629189618
7739000000,-64.2583015053876
7748500000,-92.604843863786
7758000000,-65.3167350381024
7767500000,-89.7319648354657
7777000000,-64.7576072304852
7786500000,-96.9644401162274
7796000000,-66.587021598161
7805500000,-95.0044334023602
7815000000,-66.0425574868329
7824500000,-99.619377860368
7834000000,-66.7630546181805
7843500000,-89.1012351601727
7853000000,-66.1367728798993
7862500000,-92.3392417519696
7872000000,-66.6309363930829
7881500000,-89.4920432656415
7891000000,-62.9447372048505
7900500000,-111.700760611833
7910000000,-66.3551642983563
7919500000,-94.1372230141766
7929000000,-65.5631644814618
7938500000,-94.4486777871258
7948000000,-66.4523093789227
7957500000,-97.3425300210126
7967000000,-65.6858756631024
7976500000,-95.5991218178876
7986000000,-63.152752646745
7995500000,-84.5030067055829
8005000000,-56.9376456826337
8014500000,-96.0759818642743
8024000000,-65.6738898842938
8033500000,-94.9023902505048
8043000000,-66.5475471108563
8052500000,-89.4726035683758
8062000000,-64.9640433877118
8071500000,-92.4382789223798
8081000000,-64.7598807900555
8090500000,-94.6669089882977
8100000000,-64.9066474526532
8109500000,-91.3841636269696
8119000000,-65.3857429116376
8128500000,-91.1767280190594
8138000000,-64.2454001992352
8147500000,-92.1910483925946
8157000000,-65.9911658852704
8166500000,-92.6045692055829
8176000000,-65.6284720986493
8185500000,-95.8091285317548
8195000000,-63.9368980019696
8204500000,-88.697129020036
8214000000,-64.5880210488446
8223500000,-94.9678428261883
8233000000,-65.4046866982587
8242500000,-100.124794730485
8252000000,-64.892555960954
8261500000,-87.8139350503094
8271000000,-66.3253104775555
8280500000,-94.1173637002118
8290000000,-65.6208198159344
8299500000,-92.3312308877118
8309000000,-65.795876273454
8318500000,-92.136940726579
8328000000,-65.3993842690594
8337500000,-91.4551627724774
8347000000,-65.0247123330243
8356500000,-91.9200065224774
8366000000,-64.3460319131024
8375500000,-103.976341971696
8385000000,-64.6460120766766
8394500000,-88.7656943886883
8404000000,-66.3612525551923
8413500000,-90.7623527138837
8423000000,-65.4560172646649
8432500000,-97.293938407243
8442000000,-64.9270713418133
8451500000,-90.210930594743
8461000000,-65.1553428261883
8470500000,-86.9049308388837
8480000000,-64.4642570107587
8489500000,-91.9536902993329
8499000000,-64.0340659707196
8508500000,-90.7793738930829
8518000000,-67.1553275673993
8527500000,-95.6346137612469
8537000000,-64.7251441567548
8546500000,-99.3977363198407
8556000000,-67.1595084756024
8565500000,-98.3325202553876
8575000000,-65.3396995156415
8584500000,-86.8549125283368
8594000000,-65.3925101845868
8603500000,-98.0899741738446
8613000000,-63.8186690896161
8622500000,-95.7974784463055
8632000000,-64.9384772866376
8641500000,-97.5809409707196
8651000000,-63.8814361184247
8660500000,-89.574570426286
8670000000,-65.1781013100751
8679500000,-93.6720817177899
8689000000,-65.6707542031415
8698500000,-93.6495368569501
8708000000,-64.2625358193524
8717500000,-89.7374732583173
8727000000,-65.7078254311688
8736500000,-105.771256217302
8746000000,-66.5828101723798
8755500000,-102.164475211442
8765000000,-66.1656425088055
8774500000,-91.149636039079
8784000000,-64.1045386880048
8793500000,-92.605202445329
8803000000,-64.8481299965985
8812500000,-101.477898368181
8822000000,-64.9947059243329
8831500000,-88.1420600503094
8841000000,-66.9227683632977
8850500000,-86.2014472573407
8860000000,-63.9309775918133
8869500000,-92.8194358437665
8879000000,-64.3674171059735
8888500000,-89.2659080117352
8898000000,-64.2614753335126
8907500000,-93.3044059365399
8917000000,-64.469704398454
8926500000,-110.781525382341
8936000000,-65.799538382829
8945500000,-93.0537192910321
8955000000,-65.9429481118329
8964500000,-90.1396491616376
8974000000,-66.7690513222821
8983500000,-91.6492393105633
8993000000,-65.2257163613446
9002500000,-91.9330070107587
9012000000,-67.2070319741376
9021500000,-94.462380179704
9031000000,-67.1670692055829
9040500000,-92.6122672646649
9050000000,-65.5389030068524
9059500000,-89.6771018593915
9069000000,-66.2590186684735
9078500000,-99.7617728798993
9088000000,-66.1023490517743
9097500000,-96.2986228554852
9107000000,-66.3741157143719
9116500000,-92.5209434121258
9126000000,-66.0551383584149
9135500000,-94.6154944985516
9145000000,-64.9027412026532
9154500000,-93.5540168374188
9164000000,-65.6987922280438
9173500000,-93.3775794594891
9183000000,-66.2337806313641
9192500000,-91.3667457192548
9202000000,-66.5990684121258
9211500000,-91.1420524209149
9221000000,-65.3132178872235
9230500000,-96.9248206704266
9240000000,-67.2728431313641
9249500000,-93.6494910805829
9259000000,-66.0421226113446
9268500000,-95.1988837807782
9278000000,-66.6205070107587
9287500000,-96.3762366860516
9297000000,-67.3752677529462
9306500000,-90.7563941567548
9316000000,-65.9392478554852
9325500000,-88.8606422036298
9335000000,-66.166725882829
9344500000,-94.8897025673993
9354000000,-66.148186454118
9363500000,-94.0101859658368
9373000000,-67.3501823037274
9382500000,-92.205559500993
9392000000,-66.6288535683758
9401500000,-97.4348380654462
9411000000,-65.9712455361493
9420500000,-96.9316871255048
9430000000,-67.0224845498212
9439500000,-90.0801551430829
9449000000,-65.6447608559735
9458500000,-88.7553336709149
9468000000,-66.5928733437665
9477500000,-90.0104377358563
9487000000,-64.1659400551923
9496500000,-97.5565879433758
9506000000,-64.1934363930829
9515500000,-97.6007773965008
9525000000,-67.5625159829266
9534500000,-94.2334220498212
9544000000,-65.7451407998212
9553500000,-91.7069938271649
9563000000,-67.3966224282391
9572500000,-94.6310203164227
9582000000,-66.4526755898602
9591500000,-90.6245963662274
9601000000,-65.2501227944501
9610500000,-98.944084891618
9620000000,-67.4565284340985
9629500000,-95.5252845376141
9639000000,-66.1418464272626
9648500000,-90.8556220620282
9658000000,-67.5978477090008
9667500000,-102.123024710954
9677000000,-66.219231375993
9686500000,-106.284355887712
9696000000,-65.9452293007977
9705500000,-93.4712455361493
9715000000,-67.5718696206219
9724500000,-95.2765510171063
9734000000,-66.0780418007977
9743500000,-91.4860465615399
9753000000,-64.2500770180829
9762500000,-101.427208670915
9772000000,-65.1643302529462
9781500000,-95.5565269082196
9791000000,-66.9832923501141
9800500000,-90.0877769082196
9810000000,-66.2967765420087
9819500000,-90.4486243813641
9829000000,-65.5471351235516
9838500000,-88.9750678628094
9848000000,-65.2450645058758
9857500000,-94.8453376382001
9867000000,-66.2957007973798
9876500000,-94.2781226723798
9886000000,-66.9154136269696
9895500000,-106.422371634782
9905000000,-66.6029899209149
9914500000,-92.6774222939618
9924000000,-66.9094398110516
9933500000,-96.8790443032391
9943000000,-67.3033530800946
9952500000,-92.9181754677899
9962000000,-66.6767051308758
9971500000,-97.2032020180829
9981000000,-67.192978629411
9990500000,-95.7785117715008
10000000000,-41.2713852372187